name,email,password
Sydnee Mckinney,lobortis.nisi@hotmail.couk,OWW45ONI2HG
Idola Hood,nunc.mauris@yahoo.com,TVH11UQH1LH
Bertha Navarro,pharetra.nibh@hotmail.net,UFG78RLQ4LT
Kevyn Holman,sed.neque@outlook.edu,KGR46HXC1LD
Quin Lara,orci.in@protonmail.ca,LXB75GTZ2CH
Hiram Watson,aliquet.libero@icloud.org,VTC72TER3HH
Colin Miles,sed.malesuada@google.org,UKV46UWE3XX
Gillian Figueroa,cras.sed.leo@aol.com,GSE24EFX9SH
Riley Williamson,consectetuer@aol.net,TMK87EMV4HN
Brenna Fernandez,in.faucibus@icloud.com,DXU75TIC8GL
Keiko Stuart,suscipit.est.ac@yahoo.ca,WWF83XWM1YJ
Prescott Lewis,praesent@outlook.ca,GHU67DNJ8TW
Jane Ware,diam.sed.diam@hotmail.com,HDV02YSQ8DA
Kasper Pruitt,et.arcu@icloud.com,PCC18QAV3PO
Abraham Parsons,metus.urna@google.couk,EOI36RHI8VO
Ivor Dyer,ligula.donec@protonmail.net,KLO43APP1UU
Channing Fitzpatrick,sed.hendrerit@yahoo.org,CZR05XZA8UZ
Byron Mcintyre,ullamcorper.nisl@hotmail.couk,ANV40GNU3ZS
Amy Wagner,ac@protonmail.edu,PVS74TVX3AL
Hayley Nieves,montes.nascetur@google.com,EWM57RPB3HG
Lee Salazar,fringilla.ornare@hotmail.com,NPM51CHU6LM
Paloma Flynn,lobortis.augue@protonmail.net,PVY57YDC2OI
Breanna William,neque.pellentesque.massa@google.ca,JYW56HLV3RR
Hop Talley,cursus@protonmail.com,MTE28AED9WV
Breanna Bird,semper@google.org,BDY91OLS7BJ
Selma Hebert,integer.in@aol.edu,VGK15CQE7FV
Wang King,tempor.est@aol.net,SIX25ZAZ6RI
Edward Mcclain,convallis.erat.eget@protonmail.org,AMI23LCN4SF
Camilla English,aliquam.nisl@outlook.net,QCO27ROV8PJ
Nash Townsend,vestibulum.neque.sed@outlook.com,SNG50VEV2IU
Jin Herman,risus.at@google.org,SMG47LOT5DJ
Macaulay Johnston,id.magna@protonmail.net,VBF96GMQ9WD
Martin Walls,nisl@hotmail.net,GFB12VUX8AH
Colton Holland,vestibulum.ante.ipsum@aol.couk,NUV46WUC5HU
Moana Ewing,erat.semper.rutrum@protonmail.net,WJC34HDT1RK
Barrett Osborn,aenean@hotmail.net,IYD43JDQ7VB
Hanae Foreman,in.dolor@aol.ca,VJS30JII1EX
Audrey Vinson,arcu@hotmail.net,ULY72CXO4JT
Wayne Bridges,nulla@hotmail.com,IFE47ZWR1NI
Maia Ochoa,mauris@google.org,YBM61OCI1UH
Mason Abbott,pellentesque@yahoo.net,DQS16MKY8FQ
Serina Richards,quisque.fringilla.euismod@hotmail.ca,SYU51RCG7AF
Graiden Wilkinson,conubia.nostra.per@yahoo.net,FDM88WCQ5LQ
Basil Hull,libero.proin@google.ca,EOX46HTX5FY
Irma Frye,nunc.mauris.sapien@outlook.org,ZQP74QHT3BX
Luke Frost,felis.eget@yahoo.net,ICB04BXW5VQ
Blossom Kinney,consectetuer.ipsum@aol.couk,VIM97ZFE0KK
Kim Conley,nulla@protonmail.edu,MBX27KCE2LI
Alea Castro,sed.eget@google.org,RPC41GVF1XE
Kelly Scott,non.arcu@aol.ca,TUJ78DWN5XU
Brynne Atkinson,aenean.sed.pede@icloud.com,HXQ98EIN1CZ
Nasim Foley,suspendisse.sed@icloud.net,GRE82LYJ1FA
Paul Moss,vitae.dolor@protonmail.net,NTF00VDS4IO
Karen Emerson,nisl.quisque@icloud.couk,YMK81IGC8LZ
Stewart Maddox,nec.ligula@google.org,TYJ55PJO3ND
Xandra Patel,dis.parturient.montes@protonmail.ca,VYE32WFJ4CC
Reece Fields,rhoncus@outlook.com,SLB62WTT5YG
Hammett Munoz,ullamcorper.eu.euismod@yahoo.com,CLE62NHN0MY
Roanna Oliver,elit.a.feugiat@google.com,NQF33YCX4CZ
Blake Hinton,lectus.convallis@outlook.org,GMF51TOM5BT
Melyssa Noble,condimentum.eget.volutpat@icloud.edu,FPB28JOD5SQ
Nichole French,nibh.enim.gravida@google.couk,VFC74ILJ6MP
Nelle Morales,duis@outlook.edu,KPH15RRM6YO
Brynne Roberson,odio.aliquam@yahoo.org,RXE11WBE5QO
Isaiah Chang,tempor.lorem.eget@aol.net,WSV42HMN4IQ
Laith Talley,eleifend.nec@outlook.org,CAE41ITL9CT
Drake Maldonado,auctor.velit@protonmail.couk,IHU16OWM6RY
Willow Gates,convallis.ante@aol.edu,LMU41VML7LE
Simone Hammond,dictum.augue.malesuada@google.ca,TWY82PTR1EM
Victor Glenn,nibh.aliquam.ornare@yahoo.net,XTP67VYS6LF
Justine Carter,non.justo@icloud.edu,TSI56HQW1RL
Caesar Stanton,ullamcorper.duis@icloud.ca,ZGH54THF5EH
Moses Callahan,at@outlook.ca,JIR56MWC1SE
Drake Sanford,natoque.penatibus@outlook.edu,MNB58BVN8YH
September Noel,commodo.ipsum@hotmail.couk,UFN37ZDX7VF
Melinda Albert,suscipit.est@protonmail.ca,DOV36ZKL7JR
Cherokee Ballard,risus.duis@aol.net,ELC33CKK6GC
Rajah Leach,cras.sed@icloud.net,UBP75YYE1ST
Leandra Herrera,et@hotmail.ca,BHJ11TBN1NH
Cheryl Thornton,hendrerit.id@outlook.com,HIQ59AYP1RF
Brent Adams,phasellus@aol.net,QVY33NDG7PO
Molly Farmer,odio.sagittis@protonmail.net,CPM57HUO8BD
Vance Johns,condimentum.donec@aol.edu,OFY46CWS2EF
Acton Floyd,elit.sed@hotmail.net,NRM32COL7TQ
Amber Scott,nunc@outlook.ca,EPM45GSC5CC
Clinton Dean,quis.arcu@protonmail.couk,GPH12EBD0QW
Micah Witt,vitae.semper.egestas@yahoo.com,MYT68VQD1DV
Mercedes Walker,congue.turpis@protonmail.org,DLN43VGY3MT
Buckminster Beard,parturient.montes@icloud.ca,AUK32IRR0NR
Elliott Wilkins,scelerisque.sed@google.edu,KGI63AQO2XW
Noble Little,fringilla.donec.feugiat@aol.edu,GAC65OYZ6HZ
Dominique Flynn,gravida@google.net,KAV31LAK6LF
Ignatius Cherry,dolor.elit@icloud.edu,FYZ34UAZ1WX
Joy Daugherty,elit@hotmail.net,JQH04QMD1RP
Dale Hewitt,iaculis@aol.edu,AGE73QVX8RF
Stewart Frye,natoque.penatibus@hotmail.com,SHL55DBH1GP
Magee Baird,at@icloud.ca,PPR85FYR2YI
Zenaida Welch,donec.vitae@outlook.com,IPO41WIY5LQ
Kiayada Hudson,nibh@protonmail.ca,MQQ79XJK3JP
Hedwig Burgess,in.at@protonmail.org,JQJ76GHZ4GM
Alice Kirk,hendrerit.neque@hotmail.org,FCD51CYC2OR
Tanek Reyes,pede.cum@yahoo.edu,YBR31SEL8XW
Reese Mullins,in.faucibus@yahoo.ca,IJI75HYA7DC
Quinlan Higgins,aliquet@protonmail.edu,MDT36VAC2VK
Quinlan Underwood,leo.morbi@hotmail.edu,JYW55GPN1HD
Vincent Ellison,lectus.convallis@icloud.edu,LKG72CNK8PI
Destiny Valenzuela,at.libero.morbi@outlook.edu,HBW50NXQ8NT
Aileen Maxwell,ante.ipsum@icloud.couk,LLW84WGM5VS
Susan Sears,eu.placerat@icloud.edu,ITQ96NUD7RU
Daryl Morton,ac.fermentum@hotmail.org,WBW98SDB2TE
Emma Galloway,nullam@protonmail.edu,RAU86FSS7HT
Belle Gilmore,posuere@outlook.com,IKN16ODV2VS
Herman Woods,aliquam.adipiscing@protonmail.net,YMF65FSY2JQ
Emily Frazier,ullamcorper.eu@google.org,OPT44KPA5TX
Megan Wong,ipsum@google.ca,DUV86NDD7IL
Cole Spears,et.eros.proin@aol.net,TWV38TWT9JL
Adele Cunningham,nullam.lobortis@hotmail.com,DUU06JGA2PJ
Jade Deleon,ac@icloud.couk,XHF31FDN0TG
Julian Berry,mollis.phasellus@protonmail.org,HCN43PWO0XX
Carter Nolan,enim.commodo@yahoo.org,PRJ35PRW6KA
Wesley Mckinney,pede.suspendisse.dui@outlook.org,QNP67WQX7NI
Brooke Fowler,nunc.quisque@yahoo.org,XAG18STL3QC
Odette Chavez,lorem.eget@icloud.ca,ODH87AYH1CP
Chanda Elliott,lacus.quisque@hotmail.couk,AWE44LWM6RN
Winter Hensley,vehicula.et@yahoo.edu,KUG41LVB7DA
Inez Gaines,ac.turpis@yahoo.net,XPJ97VXQ3GY
Phillip Lindsay,elit.aliquam@protonmail.com,BNU55WDG7QD
Allen Mcmahon,penatibus.et@google.ca,CGR44OWQ2HJ
Palmer Morton,elementum.at@yahoo.edu,QSE38DKB2LU
Chandler Fleming,curabitur.sed.tortor@outlook.couk,VNN03IHB5MA
Nina Whitfield,magna.praesent.interdum@outlook.org,QBD64IYY6HX
Bree Woods,pharetra@protonmail.com,VUT58TYD0PN
Shad Briggs,nam@protonmail.com,MHY57PSB0NX
Yeo Stephens,adipiscing.mauris@yahoo.net,SSJ08FDO9OW
Megan Roach,lacus.varius@protonmail.net,GGB78CVT8LF
Malachi Wolf,a.magna@outlook.couk,GWJ60OGP3RU
Kim Herrera,nunc@icloud.org,AVS54QSW7FB
Clare Bird,nullam.ut@google.net,TAY28LQQ9YT
Ocean Gonzalez,aliquet.magna@google.org,YCG25ETW1PI
Sydney Chase,aliquam.eros@google.org,ENN11GCA6TS
Lewis Gilmore,auctor.ullamcorper@protonmail.ca,CUJ89WWG1DM
Sean Keith,feugiat.tellus.lorem@aol.net,TYG10QMV7FV
Lilah Green,fringilla.est.mauris@icloud.net,MRI38UYD7SC
Erasmus David,integer.sem.elit@yahoo.ca,CYB71RLU4GT
Armando Mathis,a.sollicitudin.orci@hotmail.couk,JZK57TJZ1KZ
Constance Clemons,blandit.congue.in@google.edu,DQN75LXE1XA
Holmes Skinner,accumsan.neque@hotmail.net,DVR33YQF6ZN
Desiree Guy,interdum.nunc@google.ca,CPQ05XCY6IT
Abdul Zimmerman,ultricies.sem@google.edu,FQY71HWT7FI
Briar Morrison,nec.leo@aol.couk,YLY73SRP6CT
Unity Jefferson,ipsum@icloud.ca,EFE44AVU1TF
Bianca Kim,sed.turpis@outlook.net,YST35EIN7CF
Maxwell Olsen,et.netus@yahoo.couk,UEG53UJG7NE
Venus Serrano,in.nec@outlook.ca,LMS40RYM6QF
Howard Hammond,ipsum.nunc.id@aol.net,KMF43PRX1UZ
Julian Suarez,libero.est@protonmail.ca,FSW46UTE6KO
Ifeoma Nguyen,aliquet.nec@icloud.org,KEN95GYA4EJ
Cameron Spencer,vehicula.risus@aol.ca,SPK48RQT2CE
Davis Pennington,fermentum.risus@yahoo.org,DBQ25ZLT3CX
Aquila Simon,et.rutrum@aol.org,WJA38UAX3VX
Quail Hodge,mi.eleifend@outlook.couk,FCK51SGG2FR
Alfreda Nunez,magna@protonmail.couk,XLM20NWV8ON
Thor Nelson,lacinia.sed@yahoo.couk,YJV86TYR2YQ
Rinah Hahn,donec.nibh@outlook.edu,WCZ47ARY1DF
Keiko Ramsey,vestibulum.massa.rutrum@protonmail.edu,UBU80CND5LM
Alexandra Park,etiam.gravida@yahoo.edu,DVP88JCT7WH
Jorden Hart,amet.risus.donec@protonmail.org,UVD65ZSB7PN
Castor Lamb,nisi.cum@outlook.edu,KAW22YZW2GY
Gregory Hansen,cum.sociis.natoque@aol.ca,OOU07XZC6UW
Indigo Glover,vestibulum.neque@yahoo.net,WWQ54KEP3OM
Brenda Burton,sed@google.com,XYR17SVG6EC
Zorita Cain,nulla.facilisi@icloud.org,VCX62ICY6IQ
Sylvester Noel,nunc.est@icloud.couk,KXN14TDQ1BI
Nicholas Sharp,cras@icloud.couk,IFM66BUR4EE
Rowan Rosales,volutpat.nulla@aol.org,XRH11YJT2TR
Alea Boyle,quisque.purus.sapien@protonmail.net,NDT63CIX6QH
Melvin Oneal,cum.sociis@icloud.couk,KSN42EPM6CG
Dillon Poole,odio.vel@outlook.edu,QFW18SQV6RR
Dora Bennett,id.mollis@yahoo.couk,XVV57QIP9QQ
Stella Battle,elit@protonmail.ca,EYG87DQF7MW
Maisie Rowland,proin.vel@google.edu,MTI17LHK4FB
Kermit Dickson,ridiculus.mus@hotmail.couk,GHF02KEB5HB
Gloria Vaughn,ac.eleifend@icloud.couk,QYB38TON8QT
Omar O'brien,quis@protonmail.com,TTO67QMT1RR
Barrett Durham,tellus.justo.sit@yahoo.edu,VDA25QTK0DP
Kyra Acevedo,magna.malesuada@icloud.edu,EWH12YMN0NP
Gavin Goff,aliquam.nisl@hotmail.com,SIG86QQB1YX
John Barr,nulla.eget@aol.net,HRB09DWD2SK
Shaeleigh Bentley,cursus.a.enim@yahoo.org,UGY12DOF0HH
Theodore Mills,dictum@icloud.edu,SQY47DOS4BD
Barclay Snider,lacus.pede.sagittis@protonmail.edu,BIM67BGT8NE
Dexter Maynard,luctus@outlook.net,QWR28IKL5BK
Michelle Holmes,orci@icloud.couk,MUH55ONG4JS
Sylvester Keith,sed@hotmail.ca,DOF48LEG1QB
Tana Dean,justo.proin.non@icloud.org,EYS32PLW6CS
Joel Shelton,sem.pellentesque@yahoo.org,WJR12NNO6AT
Conan Cummings,aliquet.phasellus.fermentum@protonmail.couk,HQX14TEB6PG
Iliana Duffy,ipsum.donec@google.couk,MXU65WRG2XN
Castor Howe,nullam@aol.net,JZY91ZEQ7TG
Kay Rice,malesuada.id@hotmail.couk,WOV76JML2RI
Jordan Boyer,sed.pede@google.ca,KGW24ZHL6YO
Kevin Fitzgerald,semper@outlook.couk,UGH16DSH2DB
Cleo Madden,rutrum@yahoo.com,WBX35PVD1GX
Hayden Payne,sed@aol.ca,DPG63XTA8FY
Dorian Harding,tincidunt.neque.vitae@outlook.couk,RCR46OYC6KF
Laura Morin,cursus.purus@yahoo.net,FQF81MOH5VO
Acton Adams,odio.a@google.ca,ICD34MEM6RS
Donna Ayala,tellus@yahoo.com,GRC94JWT9HY
Kevyn Morse,pellentesque@aol.ca,VMS47SOO6JQ
Paki Webb,enim.mi@icloud.net,NMP46ILS1DK
Finn Gilmore,curae.phasellus@icloud.ca,FCJ22UCR5BP
Liberty Welch,suspendisse.sed@yahoo.couk,SEF05DEN5RH
Owen Fernandez,non.bibendum@hotmail.edu,QKX52MML2EI
Griffith Head,rutrum.non@hotmail.org,OHW26MOR1GD
Jason Mccullough,sed@icloud.couk,FMK90GDI5RR
Asher Blanchard,ante@yahoo.org,EEN62XNO1CC
Ivan Nixon,tincidunt.congue.turpis@hotmail.ca,VJS72QYN7WH
Blake Holden,consectetuer.ipsum@icloud.com,RMS69TJU3BE
Vladimir Murray,aliquet.sem@aol.couk,UPR13NIF6RB
Blossom Thomas,ultrices@protonmail.ca,GJO11ZXL1SC
Kevin Lynch,nec.tempus@hotmail.net,XTR41CTS3ZL
Bryar Blanchard,fusce.aliquet.magna@icloud.net,SUO80RBU1BB
Mariam Sims,quam.pellentesque.habitant@protonmail.ca,OVR10TIQ3FM
Roary Collier,vitae.risus@aol.net,TTZ35UNM3LU
Allegra Hooper,id.sapien@outlook.ca,MAT76PMO8WK
Vladimir Langley,arcu@outlook.ca,XYI19GRJ9QO
Lucy Estrada,ut@outlook.edu,WCO34HLX4AI
Phyllis Mathews,sem.elit.pharetra@hotmail.ca,UFI12VMA6GD
Francesca Winters,libero@outlook.couk,GSJ56WWF7OF
Fatima Gonzalez,integer@protonmail.org,NBS14LEY1HQ
Chastity Thomas,sapien.cursus@icloud.org,HTI69NDH3EU
Joy Gilmore,natoque@outlook.edu,LLE87ELA5AS
Adele Dillard,volutpat.ornare.facilisis@outlook.edu,JDM21CXD7TT
Wallace Meyer,vitae.mauris.sit@aol.net,HSX22NBS4XV
Tallulah Reynolds,pede.blandit.congue@icloud.couk,ZTE97KTS3QG
Lysandra Hoover,morbi.non.sapien@google.edu,XPE44QSE1PH
Joan Knox,egestas.aliquam@hotmail.com,CUD77KGS4FY
Wynne Clay,auctor.velit@google.com,NQM46EXY6ZA
Brenden Curry,mollis@yahoo.com,QGV66XLJ7UM
Nasim Cameron,lobortis.quis@google.edu,YLP45WVA1YR
Randall Rutledge,ligula@aol.org,WAV64HGE6GN
Moana Long,sed@aol.edu,DRT27SEJ0WL
Uta Hyde,lacus.quisque@protonmail.net,PSQ80IDC1BV
Lareina Massey,consectetuer.cursus.et@yahoo.edu,IUR04WEY4YH
Xyla Humphrey,libero@protonmail.edu,ERL37DGM7MD
Judah Wilkins,vel@outlook.ca,IVK19MXR5HN
Dahlia Matthews,libero.at@icloud.ca,VWB45OGO5ZT
Anthony Booker,ante.iaculis@aol.ca,FKQ91JTV3BL
Barclay Sullivan,lacus.quisque.imperdiet@hotmail.ca,RUV57XZC7LN
Jarrod Cochran,ac.turpis@protonmail.net,DXE32XXN1ZE
Myra Harvey,ut.ipsum@google.org,YQC46CHC7GO
Briar Barr,nec@hotmail.edu,NNM20HIF8BV
Geoffrey Gallegos,non@yahoo.net,WPJ42JFZ5LB
Hammett Solomon,arcu.imperdiet@protonmail.com,ELC11UXO5RD
Risa Hanson,non.ante@outlook.org,VHF26BSD5SH
Emi Huber,sollicitudin@google.edu,WXJ14ING4HB
Fuller Terrell,in.tempus.eu@protonmail.couk,VEV23SSF8YU
Ignacia Wynn,fringilla.ornare.placerat@hotmail.ca,FLF37DHO9TE
Colt Andrews,vulputate.posuere@outlook.com,KGY16BKY5HS
Griffin Rogers,luctus.curabitur@icloud.net,QVR43OND7JT
Candace Mccoy,mus.proin@outlook.net,NQS06HTK4NC
Raven David,dolor.dapibus.gravida@hotmail.edu,OSE88ORN6DV
Colleen Mcdonald,arcu.eu.odio@icloud.com,RMK16HPQ0LQ
MacKensie Mccarthy,ac@protonmail.com,VFQ72JER6SW
Brady Rivera,nullam.lobortis@yahoo.net,XPR44BEE3UR
Clarke Keith,malesuada.ut.sem@aol.ca,EOS71UXG1NJ
Holmes Mccullough,primis.in@protonmail.ca,HGO78DWP5YC
Claudia Booth,diam@aol.org,LEK46WQH5FW
Carter Sims,nisi.a@outlook.ca,POQ60IYJ1FZ
Joshua Booker,faucibus.morbi.vehicula@outlook.edu,GPB97ANS7HH
Tiger Wood,nibh.dolor@hotmail.org,WJV76SVG7JQ
Lisandra Leach,a.mi@protonmail.edu,GDE34WUJ7SQ
Otto Schmidt,a@yahoo.net,IWJ63TVQ4XB
Derek Davis,dolor.tempus.non@aol.couk,DEM94YZW7RQ
Mariko Page,volutpat.nulla@yahoo.org,DSV51EDI3DQ
Joel Hickman,cras.dolor@google.ca,DCD27WAI0JN
Paki Williamson,orci.in@protonmail.edu,PST67GRH3YM
Hayes Joyce,arcu@hotmail.org,PNS31EOE8RU
Stephen Buckley,sed@icloud.couk,SGB13OOF1AO
Hoyt Walton,vulputate@hotmail.com,UDS78UBL0VD
Fletcher Franco,tristique.ac.eleifend@icloud.net,WIG43ECL3GX
Lev Boone,adipiscing.lacus.ut@hotmail.net,RAY72QYN2BC
Ginger Salinas,vestibulum@outlook.net,JXC35CUR7ZT
Jolene Hale,integer.sem@google.ca,GYT66HPI2KH
Susan Farley,a.enim@outlook.org,KJY14HLR2NW
Silas Figueroa,nec@icloud.ca,EFW27YOJ3MK
Germane Hendrix,consequat.lectus@outlook.ca,BNL58AON0XW
Joshua Bush,neque.sed.sem@icloud.org,BKU65NXV5CZ
Nolan Shaw,donec.at@hotmail.com,QDW51LYN5GT
Shafira Acevedo,libero@aol.couk,MAL95FHK5TU
Samuel Montgomery,magnis.dis@protonmail.ca,PJX25VLO7NC
Paki Small,nulla.ante@protonmail.org,VSB56GXX1OM
Marny Harper,amet.metus@outlook.edu,KEU25UGP3HW
Callum Erickson,augue.ut.lacus@hotmail.edu,IPN34YYZ0BM
Ian England,magnis.dis@aol.couk,KFW51YWZ4SY
Alea Rush,nec.enim.nunc@hotmail.ca,PIQ51BPL1KY
Teagan Gillespie,fusce@aol.edu,TYV84HYY4YS
Burke Peters,ligula.donec.luctus@outlook.com,JNH55PMM3LE
Darryl Jordan,purus.in.molestie@protonmail.com,UNC95XOV4EY
Yoshi Rowland,nibh@yahoo.org,YIY53YCW3JA
Zena House,non.dui@protonmail.net,HVB58YME4FF
Chandler Palmer,ligula@outlook.com,BLE19JBQ5KU
Dustin Hardin,eros.nam@icloud.com,HOT56PUD6IB
Samantha Santana,sed.eu@aol.net,MGU80MMI2DU
Marah Sparks,urna.vivamus.molestie@google.com,OOG54ELW3JX
Caesar Washington,cursus@aol.couk,SSW05EDE5BO
Carla Carpenter,consectetuer.ipsum@google.ca,PDT35WKE1DZ
Isaiah Lawrence,ut@aol.net,XJR91RTG1LR
Neil Dunn,tempus.eu.ligula@yahoo.couk,BKH77JEJ8FQ
Jaquelyn Vazquez,sed.libero@hotmail.org,HMB71YNM6XJ
Odette Graham,eu.tempor@hotmail.org,QSU78MEB3XX
Phyllis Dominguez,est.mauris@protonmail.ca,FCT78NJX5DE
Isabella Wooten,convallis.erat@outlook.org,MHO18YQW9AS
Colt Hensley,tellus.nunc.lectus@yahoo.net,BWL23NKG3AM
Nolan Curry,dui@google.com,QFT95XAN8OP
Leah Mcmillan,libero.donec@icloud.couk,HUC26SJG7JK
Eliana Bolton,mauris.sagittis@icloud.ca,ZDH80DXT4CJ
Nayda Hensley,quisque@icloud.org,RUP15TSN7HD
Chantale Britt,urna.vivamus@yahoo.net,ROX27STT6JH
Cassandra Sherman,ipsum.primis@protonmail.ca,IKF52EHK6TF
Lunea Guy,aliquam@hotmail.couk,LHT56LHG2FC
Wynne Crane,vivamus.sit@yahoo.org,SHO96KBM4SU
Orli Rutledge,iaculis.aliquet@google.org,ENS34KBI3IL
Allegra Mccoy,pede.praesent.eu@hotmail.ca,YTC85UVN4SD
Holly Burgess,lorem@icloud.com,XGM61IBR9NS
Orla Fields,non.justo.proin@icloud.edu,ZRS72NJY1AB
Quamar Shaffer,venenatis.lacus@aol.net,VCU87WYS7VE
Kirestin Anthony,in.lorem.donec@outlook.com,NWA90DTI8EM
Michael Shaffer,feugiat@outlook.com,DIQ75KTJ2UV
Thaddeus Bradshaw,dignissim.pharetra@google.net,XPG70MQN7RG
Damian Jacobs,risus.donec@hotmail.couk,ZMZ34GFI3XE
Genevieve Nielsen,cursus.a@protonmail.org,NAM32KEZ5OU
Nathan Nieves,augue.eu@google.edu,FTN41MUJ6ZZ
Lenore Todd,sit.amet@outlook.com,BUK22JWR7QU
Devin Douglas,vel.est@google.couk,IKK07NEX5DH
Ariel Stephenson,dapibus.id@protonmail.net,YHH01MSL4HL
Yeo Oneal,vulputate@yahoo.couk,VTO32FSD8JP
Gabriel Ramos,cras.lorem@outlook.org,KSQ67WMQ3WS
Solomon Luna,ut.odio.vel@yahoo.org,KCN57MFU7YU
George Shepard,est.vitae.sodales@yahoo.couk,DXJ17DXL7PA
Orlando Atkins,nunc@aol.org,CKI33GMJ8AY
Bruno Mays,venenatis.lacus@protonmail.edu,GRR41UNT3BU
Shad Acevedo,non@google.net,RFT65IMM6WE
Prescott Stevens,nunc.sed.libero@protonmail.couk,CCY76TGY1LU
Morgan Mccormick,ut.tincidunt@outlook.com,LHD22JTG3RA
Aileen Acevedo,sit.amet@icloud.edu,DMB11XCW6SQ
Nigel Wilkins,erat.etiam@protonmail.org,OYQ22RJS3YV
Clark Berry,a.enim@icloud.ca,ZJX06XKJ1SB
Barry Monroe,a.facilisis.non@hotmail.edu,NFN60IGT2IH
Wyoming Cabrera,est.ac@outlook.com,FSN81FFG1OR
Mia Blevins,velit.sed.malesuada@yahoo.net,YVE95BYN5TD
Tanya Goff,aliquam.rutrum@outlook.org,XLF53VEI2IA
Honorato Smith,velit.sed@icloud.org,ONL72SIH8LD
Emerald Fischer,integer.tincidunt@aol.org,HHJ75SRY2WO
Keith Glass,pellentesque.habitant@protonmail.org,VZW65LSR5LJ
Ursula Suarez,hendrerit.neque@google.org,DCS60DJE3BP
Cailin Jordan,fermentum@outlook.ca,FIJ26HDY2SK
Quynn Cantrell,cum.sociis.natoque@protonmail.com,JXC11BPO6FE
Lewis Wallace,sem.egestas@google.edu,EQV87ETU2BC
TaShya Rogers,donec.egestas@google.couk,KNU66CUV0NC
Adam Barr,orci.adipiscing@hotmail.ca,YFA57VMM2NX
Tamekah Moreno,integer.tincidunt.aliquam@protonmail.edu,TLN52HCC2LO
Elijah Jones,egestas.aliquam@protonmail.net,XMQ62OAS5WW
Hasad Rios,risus.duis@hotmail.org,XPI36EJU7GB
Mallory Waters,rutrum.urna@protonmail.org,YTH45RIV4JC
Yardley Cobb,non.sapien@protonmail.com,FCJ15VII6HW
Ivory Lott,nec.orci@aol.ca,MKJ98STP3PE
Inez Weeks,in.consectetuer@yahoo.org,QHF38NUJ7XY
Amela Finch,a@protonmail.net,GYL84FLL0KA
Alfonso Harper,eleifend.nec.malesuada@hotmail.net,NTH62UXE3NN
Olga Bailey,eu.accumsan.sed@protonmail.couk,ECB06NBF5IY
Giacomo Noel,semper.et.lacinia@google.com,DCI45FQF2WW
Camille Wooten,euismod.enim@aol.edu,DTF40IQI1BM
Elliott Kelley,nibh.quisque.nonummy@google.edu,DYF06TQW5XE
Alyssa Howe,pellentesque.ut@aol.net,OTQ58FXD3QG
Henry Robbins,cubilia@google.net,WYK17RAN1IB
Ruth Ratliff,nunc.in.at@outlook.org,WVD18YSW1DR
Justina Wallace,lacinia.orci.consectetuer@google.com,CWB37MSD4KH
Laura Ford,ridiculus.mus@aol.net,QBX42SBH6OC
Christine Pace,enim.mauris@hotmail.net,FLJ87ZVR8QX
Nasim Jacobs,cursus.et@yahoo.net,HAJ82JHL6JO
Kiona Gonzales,fusce.fermentum@yahoo.net,SMO41BPD7MM
Tatum Hodge,feugiat.placerat@outlook.net,HMH58QRA2KO
Larissa Hebert,odio.sagittis@outlook.couk,PKX71VQR2JN
Charles Bentley,faucibus.lectus.a@outlook.org,VIF61SIN6II
Price Gates,eleifend.non.dapibus@hotmail.couk,KNW21IBM5KQ
Emi Zamora,orci.donec.nibh@hotmail.net,DNR26GMT5YE
Josiah Mcleod,neque.venenatis@hotmail.couk,FGU90EQE5EX
Alfreda Mathis,dapibus.id@aol.couk,VWD65MOH1DJ
Chase Vega,sapien.nunc@protonmail.edu,FIX56JSS2NZ
Whitney Browning,in@yahoo.ca,RJE49OSL1TS
Wylie Miranda,nisl.sem@yahoo.ca,TXY38DGJ5MM
Uma Bowers,dis.parturient.montes@outlook.couk,VVE19GGB4KM
Elmo Mcconnell,ridiculus.mus.aenean@yahoo.org,QSO58ILO5TF
Rhiannon Hardin,aliquam.erat@protonmail.org,FSL57OHC1RP
Diana Pratt,quam@google.edu,WKQ61SAA3RT
Chase Mcgowan,ac.tellus@icloud.couk,PCJ49UMZ0OB
Zenaida Shepard,euismod.urna.nullam@outlook.ca,TUK65TRK8IS
Nero Meadows,curabitur@google.net,FQW60DKL3SR
Emily Mcguire,duis.cursus@outlook.net,CPU49BNG7ET
Scott Jones,ultrices@aol.couk,UUR00TWG3UU
Maggie Harrington,sed.eget.lacus@aol.org,UEJ56HJV7VF
Roanna Stevenson,pede@aol.ca,TGL51ICI2GD
Isaiah Jennings,odio.a@hotmail.ca,RJW02IWX5EY
Brooke Dixon,ipsum.non@protonmail.net,JZJ42KTP8KE
Craig David,vulputate@aol.ca,HTH71FHL5DU
Sierra Elliott,diam.proin@hotmail.ca,CBM82FFQ2RQ
Caleb Mcbride,lacinia.sed.congue@hotmail.com,DYD72DMX9WQ
Cruz Norman,ornare.libero.at@outlook.ca,FTQ87SLJ8HY
Autumn Hancock,euismod.enim@aol.net,HKN33PMJ8IJ
Chancellor Cabrera,congue@icloud.org,FDG82NQW7OC
Brent Hale,erat.neque.non@yahoo.couk,NRC68VPO0QJ
Danielle Ball,in.cursus.et@icloud.edu,GQN49JLE1DT
Victor Brock,duis.mi@google.org,PCC09FEA9AI
Hayley Rivera,euismod.enim.etiam@icloud.org,IEK44VKE0XQ
Zelda Orr,ornare.placerat@google.org,TLM71HIC7YE
Cynthia Gaines,sociis.natoque@aol.couk,WGN03ZKM1WJ
Cameron Serrano,id.mollis@hotmail.org,OQB19MFY5ZE
Jarrod Becker,vitae.mauris.sit@yahoo.org,IDI44LSR3IJ
Hilda Hart,vivamus.rhoncus@outlook.net,OPV95IYR5TA
Ignacia Garza,neque.tellus.imperdiet@google.ca,JRB14PQG7KZ
Amos Church,ut@outlook.edu,FMK17RLN1WR
Wanda Roy,purus.in@protonmail.ca,KJE38UJD1LV
Ulric Mercado,elit.aliquam@yahoo.couk,VJV89HGQ3FE
Kyla Gates,sit.amet@outlook.net,STY67VOO9DV
George Hayes,aliquam.ultrices.iaculis@google.edu,NIZ70RVD7GD
Keefe Boyle,ac.mattis@icloud.net,IQM81LVF1DU
Xyla Phillips,varius.et@hotmail.com,RCL64YBM8XY
Judah Lucas,urna@outlook.org,YQK14JRJ7YI
Erin Skinner,lacus@protonmail.net,BVL31XNU9ZK
Eliana Sexton,enim@yahoo.com,WPU38UEH9JE
Elliott Cantrell,magna.nam@hotmail.net,NQL43SLP8SK
Hedley Duffy,id.blandit@hotmail.ca,EOT65RUI8LE
Aristotle Spence,facilisis.non.bibendum@yahoo.edu,DIL38BLR6DW
Hope Lucas,et.malesuada@aol.net,JFF74MRP7HP
Alfreda Figueroa,lobortis@icloud.org,GEL14SVW6ZC
Leigh Mercer,nunc.quisque.ornare@outlook.com,CFP64QMQ8CI
Tasha Meyer,phasellus.at.augue@google.edu,EEC88SOT9VN
Lara Booker,gravida.aliquam.tincidunt@outlook.org,FHY93IYI8WD
Harriet Mann,dui.in@icloud.couk,VHX70UTT5YP
Fallon Wagner,egestas.rhoncus@yahoo.org,OBQ15XYC0OG
Fuller Levine,libero@hotmail.com,JPV18ZRD4LV
Acton Gross,vulputate.ullamcorper@protonmail.couk,KFM46WDU3XI
Dante Snyder,accumsan.sed@icloud.com,QSX71ZMH3TW
Noah Mccoy,sit@yahoo.edu,YUE61NIT7EU
Maya Coleman,interdum@aol.org,KNJ43THL3PD
Quinlan Bolton,elit.a@outlook.couk,ECP54VTU1NV
Willow Dickson,eros.nec.tellus@icloud.com,SKW22JYU8JR
Jana Melton,rutrum.fusce.dolor@aol.edu,UKU23AMJ6RX
Wyoming Spencer,turpis.non@aol.ca,LGM52VCR9RG
Winter Fox,sem.molestie@aol.com,YFH85WIH7PE
Isaiah Wiggins,donec.elementum@hotmail.ca,VZW33VJL3ZC
Isadora Glass,molestie@google.org,IQW68YBR4GF
Barclay Alvarado,in.nec@aol.org,GWF67SYW2EE
Knox Shannon,dui.augue.eu@protonmail.edu,WEN72WCE2XO
Arthur Riddle,mauris.sapien@aol.couk,LVM54NSI3WP
Hop Hahn,facilisi.sed.neque@yahoo.ca,GMQ78HOR0FS
Marny Knapp,ante.bibendum.ullamcorper@icloud.com,AEJ12UNE3HE
Leroy Bentley,praesent@icloud.ca,QQD68NVN0WK
Erin Landry,cras@hotmail.ca,YCS34IOC7XR
Reed King,morbi@google.edu,OLI45WBG5MO
Gil Edwards,scelerisque.dui@yahoo.com,BSO03KXF8PL
Irene Miles,nec.mauris.blandit@yahoo.ca,FZA07MFB7NG
Sydnee Mayo,eu.sem.pellentesque@yahoo.org,CHI19ZNN5HZ
Rudyard Romero,etiam.vestibulum@protonmail.com,CTC31MGH8VM
Rigel Randall,erat.nonummy@google.edu,GEE65EOD5XO
Keely Salazar,quisque.varius@hotmail.com,YWS47MMY6DI
Virginia Cleveland,scelerisque.neque@yahoo.ca,EBY23RJV7YX
Susan Bender,vitae.dolor.donec@yahoo.couk,SOM57XEZ7OR
Wynne Chavez,lacinia.mattis@hotmail.ca,MOQ17XFS5HB
Ruth Santana,ac.urna@aol.net,NIK49XTV4JA
Finn Kennedy,enim.nisl.elementum@aol.couk,VNQ26BVM1RQ
Hedda Gentry,faucibus.morbi@protonmail.org,WLN31JOD0VD
Leila Hewitt,vivamus.non@yahoo.edu,HEC06EBS8GB
Evan Weber,pede.cras.vulputate@aol.edu,HPK88OKJ4LT
Ursa Roy,lectus.a@protonmail.org,DBQ35DOS5YD
Michelle Carrillo,mauris.aliquam@protonmail.com,VBD61PSM1OA
Carlos Harrell,pede@hotmail.net,RSN59EPB3GY
Brian Rhodes,hendrerit.donec@yahoo.org,XSR21YFT1RU
Steven King,orci@google.ca,YKG66MFM6CD
Lillian Rosa,imperdiet.erat@google.org,OGA13VOH8CC
Roary Zamora,eget@protonmail.com,VVI67GXQ4UB
Darrel Estes,ligula@outlook.org,QIP53SWR4QL
Glenna Gomez,luctus.aliquet.odio@google.ca,QVE70CAV3MH
Ethan Dalton,ut.tincidunt@protonmail.couk,JTC72GPR7PG
Martin Walters,convallis.erat@outlook.org,JLA82JUV8BJ
Hector Porter,auctor@icloud.edu,JGT93ULJ6JX
Cheyenne Montoya,ac.turpis.egestas@hotmail.org,DEI37TFK8JX
Brendan Keith,sit.amet@protonmail.com,VJX48VPV5CM
Vivien Gross,sapien.nunc.pulvinar@outlook.com,QSK63TNV2YU
Zeph Stevens,ultricies@icloud.ca,UGR56CJF2HD
Glenna Lawrence,aliquam@icloud.edu,AFD79EEI7ES
MacKenzie Bowers,ornare.facilisis@aol.net,EHS39XIE3GK
Abra Colon,vitae.sodales.at@icloud.edu,XDE39IRD3BL
Griffin Hansen,magna.sed@outlook.ca,XVD03SJX5AS
Donovan French,lectus.pede@outlook.net,EXY75MEJ3SN
Xandra Snider,elementum.purus.accumsan@icloud.edu,QJH45QSR7KL
Kirk Caldwell,fusce.aliquet@aol.com,MDF18VQV3PB
Jordan Wood,dolor.fusce.mi@yahoo.couk,QTM01TPV9ZY
Maite Holman,mauris.blandit.mattis@protonmail.couk,EKH06KWR2LG
